{
  "MAE": 0.8205080032348633,
  "RMSE": 1.0017218666819556,
  "R2": -0.0029991865158081055
}