{
  "MAE": 0.822079598903656,
  "RMSE": 1.0045324962404714,
  "R2": -0.008635520935058594
}