{
  "MAE": 0.6706539988517761,
  "RMSE": 0.9159470066812323,
  "R2": 0.1614152193069458
}