{
  "persistence": {
    "MAE": 0.6706539988517761,
    "RMSE": 0.9159470066812323,
    "R2": 0.1614152193069458
  },
  "lstm": {
    "MAE": 0.822079598903656,
    "RMSE": 1.0045324962404714,
    "R2": -0.008635520935058594
  },
  "cnn_lstm": {
    "MAE": 0.8205080032348633,
    "RMSE": 1.0017218666819556,
    "R2": -0.0029991865158081055
  },
  "transformer": {
    "MAE": 0.8205740451812744,
    "RMSE": 1.0017943972256704,
    "R2": -0.003144502639770508
  }
}