{
  "MAE": 0.8205740451812744,
  "RMSE": 1.0017943972256704,
  "R2": -0.003144502639770508
}