{
  "MAE": 0.17317287623882294,
  "RMSE": 0.2436812236542154,
  "R2": 0.9400597214698792
}