{
  "MAE": 0.16805006563663483,
  "RMSE": 0.23699299628737658,
  "R2": 0.9433048963546753
}