{
  "MAE": 0.11690618097782135,
  "RMSE": 0.1835070669193234,
  "R2": 0.9660077095031738
}