{
  "persistence": {
    "MAE": 0.11690618097782135,
    "RMSE": 0.1835070669193234,
    "R2": 0.9660077095031738
  },
  "lstm": {
    "MAE": 0.16805006563663483,
    "RMSE": 0.23699299628737658,
    "R2": 0.9433048963546753
  },
  "cnn_lstm": {
    "MAE": 0.17317287623882294,
    "RMSE": 0.2436812236542154,
    "R2": 0.9400597214698792
  },
  "transformer": {
    "MAE": 0.19329456984996796,
    "RMSE": 0.2721380008532225,
    "R2": 0.9252428412437439
  }
}