{
  "MAE": 0.19329456984996796,
  "RMSE": 0.2721380008532225,
  "R2": 0.9252428412437439
}