{
  "MAE": 0.29842501878738403,
  "RMSE": 0.46967796026657294,
  "R2": 0.7795009613037109
}