{
  "MAE": 0.34834498167037964,
  "RMSE": 0.4997035429182142,
  "R2": 0.7504077553749084
}