{
  "persistence": {
    "MAE": 0.6706539988517761,
    "RMSE": 0.9159470066812323,
    "R2": 0.1614152193069458
  },
  "lstm": {
    "MAE": 0.34834498167037964,
    "RMSE": 0.4997035429182142,
    "R2": 0.7504077553749084
  },
  "cnn_lstm": {
    "MAE": 0.29842501878738403,
    "RMSE": 0.46967796026657294,
    "R2": 0.7795009613037109
  },
  "transformer": {
    "MAE": 0.8197911381721497,
    "RMSE": 0.9899957734316375,
    "R2": 0.020345449447631836
  }
}