{
  "MAE": 0.8197911381721497,
  "RMSE": 0.9899957734316375,
  "R2": 0.020345449447631836
}